Ameena;Power;7443
Devon;Pugh;5514
Shanna;Camacho;6591
Fionn;Ratliff;1321
Vincenzo;Bernal;2809
Hanan;Kent;1705
Aaryan;Lugo;4851
Maysa;Stacey;8085
Amba;Rowland;2688
Carley;Lindsay;6031
Naya;Flynn;9597
Lulu;Mckeown;4833
Joseff;Regan;2622
Zoha;Irvine;8546
Alyssa;Norton;7614
Ammar;Cole;7381
Farrell;Barton;6573
Saxon;Wright;4942
Yusuf;Lyons;6902
Sofie;Mason;9439
Robbie;Haines;7680
Lisa;Driscoll;9865
Randy;Sexton;9351
Taylan;Drake;4131
Viktoria;Cornish;6871
Alyce;Irving;7857
Aj;Johnston;4295
Andreea;Warner;9500
Enrico;Jaramillo;4077
Sahra;Strong;5926
